<?xml version="1.0"?>
<config>
	<menu>
		<gallery module="gallery">
			<title>Gallery</title>
			<sort_order>71</sort_order>               
			<children>
				<items module="gallery">
					<title>Manage Items</title>
					<sort_order>0</sort_order>
					<action>gallery/adminhtml_gallery</action>
				</items>
			</children>
		</gallery>
	</menu>
	<acl>
		<resources>
			<all>
				<title>Allow Everything</title>
			</all>
			<admin>
				<children>
					<gallery>
						<title>Gallery Module</title>
						<sort_order>10</sort_order>
						<children>
							<items module="gallery">
								<title>Manage Items</title>
								<sort_order>0</sort_order>
								<action>gallery/adminhtml_gallery</action>
							</items>
						</children>							
					</gallery>
				</children>
			</admin>
		</resources>
	</acl>
	<layout>
		<updates>
			<gallery>
				<file>gallery.xml</file>
			</gallery>
		</updates>
	</layout>
</config>